[{"name": "Team Group Xtreem DDR5-8000 32GB (2x16GB)", "mark": "100", "link": "https://versus.com/en/team-group-xtreem-ddr5-8000-32gb-2x16gb"}, {"name": "G.Skill Trident Z Neo DDR4-3600 CL16 16GB (2x8GB)", "mark": "94", "link": "https://versus.com/en/g-skill-trident-z-neo-ddr4-3600-cl16-16gb-2x8gb"}, {"name": "Team Group Xtreem DDR5-7600 32GB (2x16GB)", "mark": "91", "link": "https://versus.com/en/team-group-xtreem-ddr5-7600-32gb-2x16gb"}, {"name": "G.Skill Trident Z Royal Elite DDR4-4000 CL14 16GB (2x8GB)", "mark": "90", "link": "https://versus.com/en/g-skill-trident-z-royal-elite-ddr4-4000-cl14-16gb-2x8gb"}, {"name": "Gigabyte Designare DDR4-3200 64GB (2x32GB)", "mark": "90", "link": "https://versus.com/en/gigabyte-designare-ddr4-3200-64gb-2x32gb"}, {"name": "G.Skill Trident Z Royal Elite DDR4-3600 CL14 16GB (2x8GB)", "mark": "90", "link": "https://versus.com/en/g-skill-trident-z-royal-elite-ddr4-3600-cl14-16gb-2x8gb"}, {"name": "G.Skill Trident Z Neo DDR4-3200 CL14 16GB (2x8GB)", "mark": "88", "link": "https://versus.com/en/g-skill-trident-z-neo-ddr4-3200-cl14-16gb-2x8gb"}, {"name": "Team Group T-Create Expert DDR5-6000 CL30 32GB (2x16GB)", "mark": "88", "link": "https://versus.com/en/team-group-t-create-expert-ddr5-6000-cl30-32gb-2x16gb"}, {"name": "Team Group T-Create Expert DDR5-7200 32GB (2x16GB)", "mark": "87", "link": "https://versus.com/en/team-group-t-create-expert-ddr5-7200-32gb-2x16gb"}, {"name": "G.Skill Trident Z Neo DDR4-4000 CL14 16GB (2x8GB)", "mark": "87", "link": "https://versus.com/en/g-skill-trident-z-neo-ddr4-4000-cl14-16gb-2x8gb"}, {"name": "Team Group T-Create Expert DDR5-6400 CL32 32GB (2x16GB)", "mark": "86", "link": "https://versus.com/en/team-group-t-create-expert-ddr5-6400-cl32-32gb-2x16gb"}, {"name": "G.Skill Trident Z Neo DDR4-3800 CL14 16GB (2x8GB)", "mark": "86", "link": "https://versus.com/en/g-skill-trident-z-neo-ddr4-3800-cl14-16gb-2x8gb"}, {"name": "Adata XPG Lancer Blade RGB DDR5-6000 32GB (2x16GB)", "mark": "86", "link": "https://versus.com/en/adata-xpg-lancer-blade-rgb-ddr5-6000-32gb-2x16gb"}, {"name": "Adata XPG Lancer Blade RGB DDR5-6400 32GB (2x16GB)", "mark": "86", "link": "https://versus.com/en/adata-xpg-lancer-blade-rgb-ddr5-6400-32gb-2x16gb"}, {"name": "Adata XPG Lancer Blade DDR5-6400 32GB (2x16GB)", "mark": "86", "link": "https://versus.com/en/adata-xpg-lancer-blade-ddr5-6400-32gb-2x16gb"}, {"name": "Adata XPG Lancer Blade DDR5-6000 32GB (2x16GB)", "mark": "84", "link": "https://versus.com/en/adata-xpg-lancer-blade-ddr5-6000-32gb-2x16gb"}, {"name": "Kingston Fury Renegade Pro DDR5-6000 16GB (1x16GB)", "mark": "82", "link": "https://versus.com/en/kingston-fury-renegade-pro-ddr5-6000-16gb-1x16gb"}, {"name": "Corsair Dominator Platinum RGB DDR4-3600 C18 64GB (2x32GB)", "mark": "81", "link": "https://versus.com/en/corsair-dominator-platinum-rgb-ddr4-3600-c18-64gb-2x32gb"}, {"name": "Team Group T-Create Expert DDR5-6000 CL38 32GB (2x16GB)", "mark": "80", "link": "https://versus.com/en/team-group-t-create-expert-ddr5-6000-cl38-32gb-2x16gb"}, {"name": "Team Group T-Create Expert DDR5-6400 CL40 32GB (2x16GB)", "mark": "80", "link": "https://versus.com/en/team-group-t-create-expert-ddr5-6400-cl40-32gb-2x16gb"}, {"name": "Gigabyte Aorus RGB DDR5-6000 32GB (2x16GB)", "mark": "78", "link": "https://versus.com/en/gigabyte-aorus-rgb-ddr5-6000-32gb-2x16gb"}, {"name": "Corsair Vengeance RGB Pro DDR4-3600 C16 16GB (2x8GB)", "mark": "76", "link": "https://versus.com/en/corsair-vengeance-rgb-pro-ddr4-3600-c16-16gb-2x8gb"}, {"name": "Mushkin Redline Notebook DDR4-3200 CL16 64GB (2x32GB)", "mark": "76", "link": "https://versus.com/en/mushkin-redline-notebook-ddr4-3200-cl16-64gb-2x32gb"}, {"name": "Patriot Viper Venom DDR5-6200 C40 32GB (2x16GB)", "mark": "76", "link": "https://versus.com/en/patriot-viper-venom-ddr5-6200-c40-32gb-2x16gb"}, {"name": "Corsair Vengeance RGB DDR5-6000 C30 64GB (2x32GB)", "mark": "76", "link": "https://versus.com/en/corsair-vengeance-rgb-ddr5-6000-c30-64gb-2x32gb"}, {"name": "Corsair Dominator Platinum RGB DDR4-3466 C16 32GB (2x16GB)", "mark": "75", "link": "https://versus.com/en/corsair-dominator-platinum-rgb-ddr4-3466-c16-32gb-2x16gb"}, {"name": "V-Color Skywalker Plus DDR4-3200 CL16 64GB (2x32GB)", "mark": "75", "link": "https://versus.com/en/v-color-skywalker-plus-ddr4-3200-cl16-64gb-2x32gb"}, {"name": "Corsair Vengeance RGB Pro DDR4-3600 C16 32GB (4x8GB)", "mark": "75", "link": "https://versus.com/en/corsair-vengeance-rgb-pro-ddr4-3600-c16-32gb-4x8gb"}, {"name": "Silicon Power DDR5-4800 64GB (2x32GB)", "mark": "74", "link": "https://versus.com/en/silicon-power-ddr5-4800-64gb-2x32gb"}, {"name": "V-Color Manta XPrism RGB DDR5-6000 32GB (2x16GB)", "mark": "74", "link": "https://versus.com/en/v-color-manta-xprism-rgb-ddr5-6000-32gb-2x16gb"}, {"name": "Kingston Fury Renegade Pro DDR5-5600 16GB (1x16GB)", "mark": "74", "link": "https://versus.com/en/kingston-fury-renegade-pro-ddr5-5600-16gb-1x16gb"}, {"name": "Kingston Fury Renegade DDR4-3200 CL16 32GB (1x32GB)", "mark": "74", "link": "https://versus.com/en/kingston-fury-renegade-ddr4-3200-cl16-32gb-1x32gb"}, {"name": "Mushkin Redline Notebook DDR4-2666 CL16 64GB (2x32GB)", "mark": "73", "link": "https://versus.com/en/mushkin-redline-notebook-ddr4-2666-cl16-64gb-2x32gb"}, {"name": "Patriot Viper Venom DDR5-7400 C36 32GB (2x16GB)", "mark": "73", "link": "https://versus.com/en/patriot-viper-venom-ddr5-7400-c36-32gb-2x16gb"}, {"name": "Patriot Viper Venom RGB DDR5-7400 C36 32GB (2x16GB)", "mark": "73", "link": "https://versus.com/en/patriot-viper-venom-rgb-ddr5-7400-c36-32gb-2x16gb"}, {"name": "Kingston Fury Renegade RGB DDR4-3000 CL16 32GB (1x32GB)", "mark": "73", "link": "https://versus.com/en/kingston-fury-renegade-rgb-ddr4-3000-cl16-32gb-1x32gb"}, {"name": "Corsair Vengeance LPX DDR4-3600 C18 64GB (2x32GB)", "mark": "73", "link": "https://versus.com/en/corsair-vengeance-lpx-ddr4-3600-c18-64gb-2x32gb"}, {"name": "Corsair Vengeance RGB Pro DDR4-3200 C16 32GB (4x8GB)", "mark": "72", "link": "https://versus.com/en/corsair-vengeance-rgb-pro-ddr4-3200-c16-32gb-4x8gb"}, {"name": "Adata XPG Lancer RGB ROG Certified DDR5-6600 32GB (2x16GB)", "mark": "71", "link": "https://versus.com/en/adata-xpg-lancer-rgb-rog-certified-ddr5-6600-32gb-2x16gb"}, {"name": "Lexar Hades RGB DDR4-3600 CL16 32GB (2x16GB)", "mark": "71", "link": "https://versus.com/en/lexar-hades-rgb-ddr4-3600-cl16-32gb-2x16gb"}, {"name": "G.Skill Trident Z Royal Elite DDR4-4266 CL19 64GB (2x32GB)", "mark": "71", "link": "https://versus.com/en/g-skill-trident-z-royal-elite-ddr4-4266-cl19-64gb-2x32gb"}, {"name": "Corsair Vengeance RGB Pro DDR4-3600 C18 16GB (2x8GB)", "mark": "71", "link": "https://versus.com/en/corsair-vengeance-rgb-pro-ddr4-3600-c18-16gb-2x8gb"}, {"name": "Corsair Vengeance RGB Pro DDR4-3000 C15 16GB (2x8GB)", "mark": "71", "link": "https://versus.com/en/corsair-vengeance-rgb-pro-ddr4-3000-c15-16gb-2x8gb"}, {"name": "Gigabyte Aorus DDR5-5200 32GB (2x16GB)", "mark": "71", "link": "https://versus.com/en/gigabyte-aorus-ddr5-5200-32gb-2x16gb"}, {"name": "Corsair Dominator Platinum RGB DDR4-3600 C18 16GB (2x8GB)", "mark": "71", "link": "https://versus.com/en/corsair-dominator-platinum-rgb-ddr4-3600-c18-16gb-2x8gb"}, {"name": "G.Skill Trident Z5 Neo AMD DDR5-6000 CL30 64GB (2x32GB)", "mark": "71", "link": "https://versus.com/en/g-skill-trident-z5-neo-amd-ddr5-6000-cl30-64gb-2x32gb"}, {"name": "Patriot Viper Venom RGB DDR5-6200 C40 32GB (2x16GB)", "mark": "71", "link": "https://versus.com/en/patriot-viper-venom-rgb-ddr5-6200-c40-32gb-2x16gb"}, {"name": "G.Skill Ripjaws S5 DDR5-5600 CL36 64GB (2x32GB)", "mark": "71", "link": "https://versus.com/en/g-skill-ripjaws-s5-ddr5-5600-cl36-64gb-2x32gb"}, {"name": "Corsair Dominator Platinum RGB AMD DDR4-3200 C16 16GB (2x8GB)", "mark": "70", "link": "https://versus.com/en/corsair-dominator-platinum-rgb-amd-ddr4-3200-c16-16gb-2x8gb"}, {"name": "G.Skill Ripjaws DDR4-2666 CL18 64GB (2x32GB)", "mark": "70", "link": "https://versus.com/en/g-skill-ripjaws-ddr4-2666-cl18-64gb-2x32gb"}, {"name": "G.Skill Trident Z5 DDR5-6000 CL32 64GB (2x32GB)", "mark": "70", "link": "https://versus.com/en/g-skill-trident-z5-ddr5-6000-cl32-64gb-2x32gb"}, {"name": "Adata XPG Spectrix D35G RGB DDR4-3600 64GB (2x32GB)", "mark": "70", "link": "https://versus.com/en/adata-xpg-spectrix-d35g-rgb-ddr4-3600-64gb-2x32gb"}, {"name": "Corsair Vengeance RGB Pro SL DDR4-3200 C16 16GB (2x8GB)", "mark": "70", "link": "https://versus.com/en/corsair-vengeance-rgb-pro-sl-ddr4-3200-c16-16gb-2x8gb"}, {"name": "G.Skill Trident Z5 Neo RGB AMD DDR5-6000 CL30 64GB (2x32GB)", "mark": "70", "link": "https://versus.com/en/g-skill-trident-z5-neo-rgb-amd-ddr5-6000-cl30-64gb-2x32gb"}, {"name": "Corsair Vengeance RGB Pro AMD DDR4-2933 C16 16GB (2x8GB)", "mark": "70", "link": "https://versus.com/en/corsair-vengeance-rgb-pro-amd-ddr4-2933-c16-16gb-2x8gb"}, {"name": "Mushkin Redline Notebook DDR4-3000 64GB (2x32GB)", "mark": "70", "link": "https://versus.com/en/mushkin-redline-notebook-ddr4-3000-64gb-2x32gb"}, {"name": "Crucial CT2K32G4S266M DDR4-2666 64GB (2x32GB)", "mark": "69", "link": "https://versus.com/en/crucial-ct2k32g4s266m-ddr4-2666-64gb-2x32gb"}, {"name": "Kingston Fury Renegade Pro DDR5-4800 16GB (1x16GB)", "mark": "69", "link": "https://versus.com/en/kingston-fury-renegade-pro-ddr5-4800-16gb-1x16gb"}, {"name": "Team Group T-Force Zeus DDR4-3200 CL16 64GB (2x32GB)", "mark": "69", "link": "https://versus.com/en/team-group-t-force-zeus-ddr4-3200-cl16-64gb-2x32gb"}, {"name": "Corsair Vengeance RGB Pro SL DDR4-3600 C18 16GB (2x8GB)", "mark": "69", "link": "https://versus.com/en/corsair-vengeance-rgb-pro-sl-ddr4-3600-c18-16gb-2x8gb"}, {"name": "Corsair Dominator Platinum RGB DDR4-3200 C16 16GB (2x8GB)", "mark": "69", "link": "https://versus.com/en/corsair-dominator-platinum-rgb-ddr4-3200-c16-16gb-2x8gb"}, {"name": "Adata XPG Spectrix D45G RGB DDR4-3600 CL16 16GB (2x8GB)", "mark": "69", "link": "https://versus.com/en/adata-xpg-spectrix-d45g-rgb-ddr4-3600-cl16-16gb-2x8gb"}, {"name": "Crucial Pro DDR4-3200 32GB (2x16GB)", "mark": "69", "link": "https://versus.com/en/crucial-pro-ddr4-3200-32gb-2x16gb"}, {"name": "G.Skill Ripjaws S5 DDR5-5600 CL28 32GB (2x16GB)", "mark": "69", "link": "https://versus.com/en/g-skill-ripjaws-s5-ddr5-5600-cl28-32gb-2x16gb"}, {"name": "G.Skill Trident Z5 Neo AMD DDR5-5600 CL28 32GB (2x16GB)", "mark": "69", "link": "https://versus.com/en/g-skill-trident-z5-neo-amd-ddr5-5600-cl28-32gb-2x16gb"}, {"name": "G.Skill Trident Z5 Neo RGB AMD DDR5-5600 CL28 32GB (2x16GB)", "mark": "69", "link": "https://versus.com/en/g-skill-trident-z5-neo-rgb-amd-ddr5-5600-cl28-32gb-2x16gb"}, {"name": "PNY XLR8 Gaming DDR4-3200 CL16 32GB (2x16GB)", "mark": "69", "link": "https://versus.com/en/pny-xlr8-gaming-ddr4-3200-cl16-32gb-2x16gb"}, {"name": "G.Skill Trident Z5 RGB DDR5-5600 CL28 32GB (2x16GB)", "mark": "69", "link": "https://versus.com/en/g-skill-trident-z5-rgb-ddr5-5600-cl28-32gb-2x16gb"}, {"name": "G.Skill Aegis DDR4-3200 32GB (2x16GB)", "mark": "68", "link": "https://versus.com/en/g-skill-aegis-ddr4-3200-32gb-2x16gb"}, {"name": "Corsair Vengeance RGB Pro DDR4-3200 C16 16GB (2x8GB)", "mark": "68", "link": "https://versus.com/en/corsair-vengeance-rgb-pro-ddr4-3200-c16-16gb-2x8gb"}, {"name": "Corsair Vengeance RGB Pro SL DDR4-3600 C16 16GB (2x8GB)", "mark": "68", "link": "https://versus.com/en/corsair-vengeance-rgb-pro-sl-ddr4-3600-c16-16gb-2x8gb"}, {"name": "G.Skill Trident Z5 DDR5-5600 CL30 64GB (2x32GB)", "mark": "68", "link": "https://versus.com/en/g-skill-trident-z5-ddr5-5600-cl30-64gb-2x32gb"}, {"name": "Corsair Dominator Platinum RGB DDR5-5600 C36 32GB (2x16GB)", "mark": "68", "link": "https://versus.com/en/corsair-dominator-platinum-rgb-ddr5-5600-c36-32gb-2x16gb"}, {"name": "Corsair Vengeance RGB DDR5-5600 C36 32GB (2x16GB)", "mark": "68", "link": "https://versus.com/en/corsair-vengeance-rgb-ddr5-5600-c36-32gb-2x16gb"}, {"name": "Mushkin Redline Lumina RGB DDR4-4000 CL18 32GB (2x16GB)", "mark": "67", "link": "https://versus.com/en/mushkin-redline-lumina-rgb-ddr4-4000-cl18-32gb-2x16gb"}, {"name": "Adata XPG Z1 DDR4-3200 CL16 16GB (2x8GB)", "mark": "67", "link": "https://versus.com/en/adata-xpg-z1-ddr4-3200-cl16-16gb-2x8gb"}, {"name": "G.Skill Ripjaws S5 DDR5-5200 CL28 32GB (2x16GB)", "mark": "67", "link": "https://versus.com/en/g-skill-ripjaws-s5-ddr5-5200-cl28-32gb-2x16gb"}, {"name": "G.Skill Trident Z Neo DDR4-4000 CL18 32GB (2x16GB)", "mark": "67", "link": "https://versus.com/en/g-skill-trident-z-neo-ddr4-4000-cl18-32gb-2x16gb"}, {"name": "Corsair Vengeance DDR5-5600 C36 32GB (2x16GB)", "mark": "67", "link": "https://versus.com/en/corsair-vengeance-ddr5-5600-c36-32gb-2x16gb"}, {"name": "Adata XPG Spectrix D55 RGB DDR4-3200 CL16 16GB (2x8GB)", "mark": "67", "link": "https://versus.com/en/adata-xpg-spectrix-d55-rgb-ddr4-3200-cl16-16gb-2x8gb"}, {"name": "Corsair Vengeance DDR5-5600 C32 32GB (2x16GB)", "mark": "67", "link": "https://versus.com/en/corsair-vengeance-ddr5-5600-c32-32gb-2x16gb"}, {"name": "G.Skill Trident Z Royal Elite DDR4-4000 CL18 32GB (2x16GB)", "mark": "67", "link": "https://versus.com/en/g-skill-trident-z-royal-elite-ddr4-4000-cl18-32gb-2x16gb"}, {"name": "Corsair Dominator Platinum RGB DDR4-4000 C19 16GB (2x8GB)", "mark": "67", "link": "https://versus.com/en/corsair-dominator-platinum-rgb-ddr4-4000-c19-16gb-2x8gb"}, {"name": "Adata XPG Spectix D41 RGB DDR4-3200 CL16 16GB (2x8GB)", "mark": "67", "link": "https://versus.com/en/adata-xpg-spectix-d41-rgb-ddr4-3200-cl16-16gb-2x8gb"}, {"name": "Adata XPG Gammix D45 DDR4-3200 CL16 16GB (2x8GB)", "mark": "67", "link": "https://versus.com/en/adata-xpg-gammix-d45-ddr4-3200-cl16-16gb-2x8gb"}, {"name": "Adata XPG Gammix D30 DDR4-3200 CL16 16GB (2x8GB)", "mark": "67", "link": "https://versus.com/en/adata-xpg-gammix-d30-ddr4-3200-cl16-16gb-2x8gb"}, {"name": "Mushkin Redline Notebook DDR4-2933 CL17 64GB (2x32GB)", "mark": "67", "link": "https://versus.com/en/mushkin-redline-notebook-ddr4-2933-cl17-64gb-2x32gb"}, {"name": "Adata XPG Gammix D10 DDR4-3200 CL16 16GB (2x8GB)", "mark": "67", "link": "https://versus.com/en/adata-xpg-gammix-d10-ddr4-3200-cl16-16gb-2x8gb"}, {"name": "Corsair Vengeance LPX DDR4-3600 C16 16GB (2x8GB)", "mark": "67", "link": "https://versus.com/en/corsair-vengeance-lpx-ddr4-3600-c16-16gb-2x8gb"}, {"name": "Adata XPG Gammix D20 DDR4-3200 CL16 16GB (2x8GB)", "mark": "67", "link": "https://versus.com/en/adata-xpg-gammix-d20-ddr4-3200-cl16-16gb-2x8gb"}, {"name": "Team Group T-Force Delta RGB DDR5-7200 CL34 32GB (2x16GB)", "mark": "67", "link": "https://versus.com/en/team-group-t-force-delta-rgb-ddr5-7200-cl34-32gb-2x16gb"}, {"name": "Kingston Fury Impact DDR4-3200 CL20 32GB (2x16GB)", "mark": "67", "link": "https://versus.com/en/kingston-fury-impact-ddr4-3200-cl20-32gb-2x16gb"}, {"name": "Adata XPG Spectrix D50 ROG Certified RGB DDR4-3600 CL17 16GB (2x8GB)", "mark": "67", "link": "https://versus.com/en/adata-xpg-spectrix-d50-rog-certified-rgb-ddr4-3600-cl17-16gb-2x8gb"}, {"name": "PNY XLR8 Gaming Low Profile DDR4-3600 CL18 32GB (2x16GB)", "mark": "66", "link": "https://versus.com/en/pny-xlr8-gaming-low-profile-ddr4-3600-cl18-32gb-2x16gb"}, {"name": "Patriot Viper Xtreme 5 RGB DDR5 8000 48GB (2x24GB)", "mark": "66", "link": "https://versus.com/en/patriot-viper-xtreme-5-rgb-ddr5-8000-48gb-2x24gb"}, {"name": "Adata XPG Spectrix D35G RGB DDR4-3200 16GB (2x8GB)", "mark": "66", "link": "https://versus.com/en/adata-xpg-spectrix-d35g-rgb-ddr4-3200-16gb-2x8gb"}, {"name": "PNY XLR8 Gaming REV RGB DDR4-3600 CL18 32GB (2x16GB)", "mark": "66", "link": "https://versus.com/en/pny-xlr8-gaming-rev-rgb-ddr4-3600-cl18-32gb-2x16gb"}, {"name": "Timetec Pinnacle Konduit RGB DDR4-3200 CL16 32GB (4x8GB)", "mark": "66", "link": "https://versus.com/en/timetec-pinnacle-konduit-rgb-ddr4-3200-cl16-32gb-4x8gb"}, {"name": "G.Skill Ripjaws S5 DDR5-5600 CL30 32GB (2x16GB)", "mark": "66", "link": "https://versus.com/en/g-skill-ripjaws-s5-ddr5-5600-cl30-32gb-2x16gb"}, {"name": "Oloy Blade Aura Sync RGB DDR4-3200 CL16 16GB (2x8GB)", "mark": "66", "link": "https://versus.com/en/oloy-blade-aura-sync-rgb-ddr4-3200-cl16-16gb-2x8gb"}, {"name": "G.Skill Flare X5 AMD DDR5-5600 CL30 32GB (2x16GB)", "mark": "66", "link": "https://versus.com/en/g-skill-flare-x5-amd-ddr5-5600-cl30-32gb-2x16gb"}, {"name": "Silicon Power Gaming Series DDR4-3200 CL16 16GB (2x8GB)", "mark": "66", "link": "https://versus.com/en/silicon-power-gaming-series-ddr4-3200-cl16-16gb-2x8gb"}, {"name": "G.Skill Trident Z5 Neo RGB AMD DDR5-6000 CL30 32GB (2x16GB)", "mark": "66", "link": "https://versus.com/en/g-skill-trident-z5-neo-rgb-amd-ddr5-6000-cl30-32gb-2x16gb"}, {"name": "Silicon Power Zenith RGB Gaming DDR4-3200 CL16 16GB (2x8GB)", "mark": "66", "link": "https://versus.com/en/silicon-power-zenith-rgb-gaming-ddr4-3200-cl16-16gb-2x8gb"}, {"name": "Silicon Power Xpower RGB Turbine Gaming DDR4-3200 CL16 16GB (2x8GB)", "mark": "66", "link": "https://versus.com/en/silicon-power-xpower-rgb-turbine-gaming-ddr4-3200-cl16-16gb-2x8gb"}, {"name": "Silicon Power Zenith Gaming DDR4-3200 CL16 16GB (2x8GB)", "mark": "66", "link": "https://versus.com/en/silicon-power-zenith-gaming-ddr4-3200-cl16-16gb-2x8gb"}, {"name": "Crucial Ballistix DDR4-3200 CL16 16GB (2x8GB)", "mark": "66", "link": "https://versus.com/en/crucial-ballistix-ddr4-3200-cl16-16gb-2x8gb"}, {"name": "Klevv Cras X RGB DDR4-3200 CL16 16GB (2x8GB)", "mark": "66", "link": "https://versus.com/en/klevv-cras-x-rgb-ddr4-3200-cl16-16gb-2x8gb"}, {"name": "Corsair Vengeance LPX DDR4-3000 16GB (2x8GB)", "mark": "66", "link": "https://versus.com/en/corsair-vengeance-lpx-ddr4-3000-16gb-2x8gb"}, {"name": "Lexar Ares RGB DDR4-3866 CL18 16GB (2x8GB)", "mark": "66", "link": "https://versus.com/en/lexar-ares-rgb-ddr4-3866-cl18-16gb-2x8gb"}, {"name": "G.Skill Trident Z5 Neo AMD DDR5-5600 CL30 32GB (2x16GB)", "mark": "66", "link": "https://versus.com/en/g-skill-trident-z5-neo-amd-ddr5-5600-cl30-32gb-2x16gb"}, {"name": "V-Color Prism RGB DDR4-3200 CL16 16GB (2x8GB)", "mark": "66", "link": "https://versus.com/en/v-color-prism-rgb-ddr4-3200-cl16-16gb-2x8gb"}, {"name": "Silicon Power Xpower Turbine Gaming DDR4-3200 CL16 16GB (2x8GB)", "mark": "66", "link": "https://versus.com/en/silicon-power-xpower-turbine-gaming-ddr4-3200-cl16-16gb-2x8gb"}, {"name": "Lexar Thor DDR4-3200 CL16 16GB (2x8GB)", "mark": "66", "link": "https://versus.com/en/lexar-thor-ddr4-3200-cl16-16gb-2x8gb"}, {"name": "G.Skill Trident Z5 RGB DDR5-5600 CL30 32GB (2x16GB)", "mark": "66", "link": "https://versus.com/en/g-skill-trident-z5-rgb-ddr5-5600-cl30-32gb-2x16gb"}, {"name": "G.Skill Trident Z5 Neo RGB AMD DDR5-5600 CL30 32GB (2x16GB)", "mark": "66", "link": "https://versus.com/en/g-skill-trident-z5-neo-rgb-amd-ddr5-5600-cl30-32gb-2x16gb"}, {"name": "G.Skill Trident Z Royal Elite DDR4-3600 CL16 16GB (2x8GB)", "mark": "66", "link": "https://versus.com/en/g-skill-trident-z-royal-elite-ddr4-3600-cl16-16gb-2x8gb"}, {"name": "V-Color Manta XSky ROG Certified RGB DDR5-6600 32GB (2x16GB)", "mark": "65", "link": "https://versus.com/en/v-color-manta-xsky-rog-certified-rgb-ddr5-6600-32gb-2x16gb"}, {"name": "Adata XPG Lancer RGB Mera Edition DDR5-7200 CL34 16GB (1x16GB)", "mark": "65", "link": "https://versus.com/en/adata-xpg-lancer-rgb-mera-edition-ddr5-7200-cl34-16gb-1x16gb"}, {"name": "PNY XLR8 Gaming DDR4-3200 16GB (2x8GB)", "mark": "65", "link": "https://versus.com/en/pny-xlr8-gaming-ddr4-3200-16gb-2x8gb"}, {"name": "Patriot Viper Steel RGB DDR4-4133 C19 16GB (2x8GB)", "mark": "65", "link": "https://versus.com/en/patriot-viper-steel-rgb-ddr4-4133-c19-16gb-2x8gb"}, {"name": "G.Skill Trident Z5 Neo AMD DDR5-6000 CL30 32GB (2x16GB)", "mark": "65", "link": "https://versus.com/en/g-skill-trident-z5-neo-amd-ddr5-6000-cl30-32gb-2x16gb"}, {"name": "Corsair Vengeance RGB Pro DDR4-2666 C16 16GB (2x8GB)", "mark": "65", "link": "https://versus.com/en/corsair-vengeance-rgb-pro-ddr4-2666-c16-16gb-2x8gb"}, {"name": "Corsair Vengeance LPX DDR4-3200 C16 16GB (2x8GB)", "mark": "65", "link": "https://versus.com/en/corsair-vengeance-lpx-ddr4-3200-c16-16gb-2x8gb"}, {"name": "Lexar Hades OC DDR4-3600 CL19 32GB (2x16GB)", "mark": "65", "link": "https://versus.com/en/lexar-hades-oc-ddr4-3600-cl19-32gb-2x16gb"}, {"name": "Adata XPG Lancer RGB Edition DDR5-5600 CL36 32GB (2x16GB)", "mark": "65", "link": "https://versus.com/en/adata-xpg-lancer-rgb-edition-ddr5-5600-cl36-32gb-2x16gb"}, {"name": "Kingston Fury Beast RGB Special Edition DDR4-3200 CL16 8GB (1x8GB)", "mark": "65", "link": "https://versus.com/en/kingston-fury-beast-rgb-special-edition-ddr4-3200-cl16-8gb-1x8gb"}, {"name": "V-Color Manta XSky ROG Certified RGB DDR5-6400 32GB (2x16GB)", "mark": "65", "link": "https://versus.com/en/v-color-manta-xsky-rog-certified-rgb-ddr5-6400-32gb-2x16gb"}, {"name": "Team Group T-Force Vulcan DDR5-5600 CL32 32GB (2x16GB)", "mark": "65", "link": "https://versus.com/en/team-group-t-force-vulcan-ddr5-5600-cl32-32gb-2x16gb"}, {"name": "Timetec High Performance DDR4-3200 32GB (2x16GB)", "mark": "65", "link": "https://versus.com/en/timetec-high-performance-ddr4-3200-32gb-2x16gb"}, {"name": "Oloy Back Owl Aura Sync RGB DDR4-3200 CL16 16GB (2x8GB)", "mark": "65", "link": "https://versus.com/en/oloy-back-owl-aura-sync-rgb-ddr4-3200-cl16-16gb-2x8gb"}, {"name": "G.Skill Trident Z5 DDR5-6400 CL32 32GB (2x16GB)", "mark": "64", "link": "https://versus.com/en/g-skill-trident-z5-ddr5-6400-cl32-32gb-2x16gb"}, {"name": "Patriot Viper 4 Series DDR4-3733 C17 16GB (2x8GB)", "mark": "64", "link": "https://versus.com/en/patriot-viper-4-series-ddr4-3733-c17-16gb-2x8gb"}, {"name": "Oloy Owl DDR4-3200 CL16 16GB (2x8GB)", "mark": "64", "link": "https://versus.com/en/oloy-owl-ddr4-3200-cl16-16gb-2x8gb"}, {"name": "G.Skill Ripjaws S5 DDR5-6400 CL32 32GB (2x16GB)", "mark": "64", "link": "https://versus.com/en/g-skill-ripjaws-s5-ddr5-6400-cl32-32gb-2x16gb"}, {"name": "G.Skill Ripjaws S5 DDR5-6000 CL30 32GB (2x16GB)", "mark": "64", "link": "https://versus.com/en/g-skill-ripjaws-s5-ddr5-6000-cl30-32gb-2x16gb"}, {"name": "Team Group T-Create Classic DDR4-3200 CL22 32GB (1x32GB)", "mark": "64", "link": "https://versus.com/en/team-group-t-create-classic-ddr4-3200-cl22-32gb-1x32gb"}, {"name": "G.Skill Trident Z5 RGB DDR5-6400 CL32 32GB (2x16GB)", "mark": "64", "link": "https://versus.com/en/g-skill-trident-z5-rgb-ddr5-6400-cl32-32gb-2x16gb"}, {"name": "G.Skill Trident Z5 RGB DDR5-6000 CL30 32GB (2x16GB)", "mark": "64", "link": "https://versus.com/en/g-skill-trident-z5-rgb-ddr5-6000-cl30-32gb-2x16gb"}, {"name": "Biostar Storming V DDR4-3200 CL16 16GB (1x16GB)", "mark": "64", "link": "https://versus.com/en/biostar-storming-v-ddr4-3200-cl16-16gb-1x16gb"}, {"name": "Corsair Vengeance LPX DDR4-2400 C14 16GB (2x8GB)", "mark": "64", "link": "https://versus.com/en/corsair-vengeance-lpx-ddr4-2400-c14-16gb-2x8gb"}, {"name": "Silicon Power XPower Zenith Gaming DDR4-3200 16GB", "mark": "64", "link": "https://versus.com/en/silicon-power-xpower-zenith-gaming-ddr4-3200-16gb"}, {"name": "G.Skill Ripjaws S5 DDR5-6000 CL32 32GB (2x16GB)", "mark": "64", "link": "https://versus.com/en/g-skill-ripjaws-s5-ddr5-6000-cl32-32gb-2x16gb"}, {"name": "G.Skill Flare X5 AMD DDR5-6000 CL32 32GB (2x16GB)", "mark": "64", "link": "https://versus.com/en/g-skill-flare-x5-amd-ddr5-6000-cl32-32gb-2x16gb"}, {"name": "Corsair Vengeance LPX DDR4-4000 C18 16GB (2x8GB)", "mark": "64", "link": "https://versus.com/en/corsair-vengeance-lpx-ddr4-4000-c18-16gb-2x8gb"}, {"name": "G.Skill Trident Z5 Neo RGB AMD DDR5-6000 CL32 32GB (2x16GB)", "mark": "64", "link": "https://versus.com/en/g-skill-trident-z5-neo-rgb-amd-ddr5-6000-cl32-32gb-2x16gb"}, {"name": "G.Skill Trident Z5 Neo AMD DDR5-6000 CL32 32GB (2x16GB)", "mark": "64", "link": "https://versus.com/en/g-skill-trident-z5-neo-amd-ddr5-6000-cl32-32gb-2x16gb"}, {"name": "G.Skill Trident Z5 RGB DDR5-6000 CL32 32GB (2x16GB)", "mark": "64", "link": "https://versus.com/en/g-skill-trident-z5-rgb-ddr5-6000-cl32-32gb-2x16gb"}, {"name": "Crucial CT2K16G4S24AM DDR4-2400 32GB (2x16GB)", "mark": "64", "link": "https://versus.com/en/crucial-ct2k16g4s24am-ddr4-2400-32gb-2x16gb"}, {"name": "Crucial CT2K16G4SFD824A DDR4-2400 32GB (2x16GB)", "mark": "64", "link": "https://versus.com/en/crucial-ct2k16g4sfd824a-ddr4-2400-32gb-2x16gb"}, {"name": "Kingston Fury Beast RGB DDR5-6000 CL36 32GB (1x32GB)", "mark": "64", "link": "https://versus.com/en/kingston-fury-beast-rgb-ddr5-6000-cl36-32gb-1x32gb"}, {"name": "Corsair Vengeance LPX DDR4-2133 16GB (2x8GB)", "mark": "64", "link": "https://versus.com/en/corsair-vengeance-lpx-ddr4-2133-16gb-2x8gb"}, {"name": "Corsair Vengeance DDR5-7000 C34 32GB (2x16GB)", "mark": "64", "link": "https://versus.com/en/corsair-vengeance-ddr5-7000-c34-32gb-2x16gb"}, {"name": "Adata XPG Gammix D35 DDR4-3200 32GB (2x16GB)", "mark": "64", "link": "https://versus.com/en/adata-xpg-gammix-d35-ddr4-3200-32gb-2x16gb"}, {"name": "Adata XPG Spectrix D35G RGB DDR4-3200 32GB (2x16GB)", "mark": "64", "link": "https://versus.com/en/adata-xpg-spectrix-d35g-rgb-ddr4-3200-32gb-2x16gb"}, {"name": "G.Skill Trident Z Neo DDR4-3000 CL16 16GB (2x8GB)", "mark": "63", "link": "https://versus.com/en/g-skill-trident-z-neo-ddr4-3000-cl16-16gb-2x8gb"}, {"name": "V-Color Prism Pro RGB DDR4-3600 CL18 16GB (2x8GB)", "mark": "63", "link": "https://versus.com/en/v-color-prism-pro-rgb-ddr4-3600-cl18-16gb-2x8gb"}, {"name": "Klevv Cras XR RGB Gaming OC DDR4-3600 CL19 16GB (2x8GB)", "mark": "63", "link": "https://versus.com/en/klevv-cras-xr-rgb-gaming-oc-ddr4-3600-cl19-16gb-2x8gb"}, {"name": "Corsair Dominator Platinum RGB AMD DDR5-6000 C30 32GB (2x16GB)", "mark": "63", "link": "https://versus.com/en/corsair-dominator-platinum-rgb-amd-ddr5-6000-c30-32gb-2x16gb"}, {"name": "Corsair Vengeance RGB DDR5-6000 C30 32GB (2x16GB)", "mark": "63", "link": "https://versus.com/en/corsair-vengeance-rgb-ddr5-6000-c30-32gb-2x16gb"}, {"name": "Corsair Vengeance RGB DDR5-7000 C34 32GB (2x16GB)", "mark": "63", "link": "https://versus.com/en/corsair-vengeance-rgb-ddr5-7000-c34-32gb-2x16gb"}, {"name": "Team Group T-Force Night Hawk Legend RGB DDR4-3466 CL16 32GB (2x16GB)", "mark": "63", "link": "https://versus.com/en/team-group-t-force-night-hawk-legend-rgb-ddr4-3466-cl16-32gb-2x16gb"}, {"name": "Crucial CT2K8G4SFRA266 DDR4-2666 16GB (2x8GB)", "mark": "63", "link": "https://versus.com/en/crucial-ct2k8g4sfra266-ddr4-2666-16gb-2x8gb"}, {"name": "Timetec Pinnacle Konduit DDR4-3600 CL18 16GB (2x8GB)", "mark": "63", "link": "https://versus.com/en/timetec-pinnacle-konduit-ddr4-3600-cl18-16gb-2x8gb"}, {"name": "Lexar Hades RGB DDR4-3200 CL16 32GB (2x16GB)", "mark": "63", "link": "https://versus.com/en/lexar-hades-rgb-ddr4-3200-cl16-32gb-2x16gb"}, {"name": "G.Skill Ripjaws DDR4-2133 32GB (2x16GB)", "mark": "63", "link": "https://versus.com/en/g-skill-ripjaws-ddr4-2133-32gb-2x16gb"}, {"name": "Patriot Viper Venom RGB DDR5-6000 C36 32GB (2x16GB)", "mark": "63", "link": "https://versus.com/en/patriot-viper-venom-rgb-ddr5-6000-c36-32gb-2x16gb"}, {"name": "Patriot Viper Steel RGB DDR4-3600 C18 16GB (2x8GB)", "mark": "63", "link": "https://versus.com/en/patriot-viper-steel-rgb-ddr4-3600-c18-16gb-2x8gb"}, {"name": "Patriot Viper Elite II DDR4-2666 C16 16GB (2x8GB)", "mark": "63", "link": "https://versus.com/en/patriot-viper-elite-ii-ddr4-2666-c16-16gb-2x8gb"}, {"name": "G.Skill Ripjaws DDR4-3200 CL18 16GB (2x8GB)", "mark": "63", "link": "https://versus.com/en/g-skill-ripjaws-ddr4-3200-cl18-16gb-2x8gb"}, {"name": "G.Skill Trident Z5 RGB DDR5-6600 CL34 32GB (2x16GB)", "mark": "63", "link": "https://versus.com/en/g-skill-trident-z5-rgb-ddr5-6600-cl34-32gb-2x16gb"}, {"name": "Crucial CT2K16G4S266M DDR4-2666 32GB (2x16GB)", "mark": "63", "link": "https://versus.com/en/crucial-ct2k16g4s266m-ddr4-2666-32gb-2x16gb"}, {"name": "V-Color XSky ROG Certified RGB DDR5-6000 CL32 32GB (2x16GB)", "mark": "62", "link": "https://versus.com/en/v-color-xsky-rog-certified-rgb-ddr5-6000-cl32-32gb-2x16gb"}, {"name": "Kingston Fury Beast DDR4-2666 CL16 8GB (1x8GB)", "mark": "62", "link": "https://versus.com/en/kingston-fury-beast-ddr4-2666-cl16-8gb-1x8gb"}, {"name": "Corsair Vengeance LPX DDR4-2666 16GB (2x8GB)", "mark": "62", "link": "https://versus.com/en/corsair-vengeance-lpx-ddr4-2666-16gb-2x8gb"}, {"name": "Kingston Fury Renegade DDR5-6000 CL32 16GB (1x16GB)", "mark": "62", "link": "https://versus.com/en/kingston-fury-renegade-ddr5-6000-cl32-16gb-1x16gb"}, {"name": "G.Skill Flare X5 AMD DDR5-6000 CL36 32GB (2x16GB)", "mark": "62", "link": "https://versus.com/en/g-skill-flare-x5-amd-ddr5-6000-cl36-32gb-2x16gb"}, {"name": "Crucial CT2K16G4SFRA266 DDR4-2666 32GB (2x16GB)", "mark": "62", "link": "https://versus.com/en/crucial-ct2k16g4sfra266-ddr4-2666-32gb-2x16gb"}, {"name": "Corsair Vengeance AMD DDR5-5600 C36 32GB (2x16GB)", "mark": "62", "link": "https://versus.com/en/corsair-vengeance-amd-ddr5-5600-c36-32gb-2x16gb"}, {"name": "G.Skill Ripjaws S5 DDR5-6000 CL36 32GB (2x16GB)", "mark": "62", "link": "https://versus.com/en/g-skill-ripjaws-s5-ddr5-6000-cl36-32gb-2x16gb"}, {"name": "Oloy Warhawk Aura Sync RGB DDR4-3000 CL16 16GB (2x8GB)", "mark": "62", "link": "https://versus.com/en/oloy-warhawk-aura-sync-rgb-ddr4-3000-cl16-16gb-2x8gb"}, {"name": "V-Color Manta Xprism RGB DDR5-6200 CL36 32GB (2x16GB)", "mark": "62", "link": "https://versus.com/en/v-color-manta-xprism-rgb-ddr5-6200-cl36-32gb-2x16gb"}, {"name": "Kingston Fury Renegade RGB DDR5-6000 CL32 16GB (1x16GB)", "mark": "62", "link": "https://versus.com/en/kingston-fury-renegade-rgb-ddr5-6000-cl32-16gb-1x16gb"}, {"name": "G.Skill Trident Z5 Neo AMD DDR5-6000 CL36 32GB (2x16GB)", "mark": "62", "link": "https://versus.com/en/g-skill-trident-z5-neo-amd-ddr5-6000-cl36-32gb-2x16gb"}, {"name": "Corsair Vengeance RGB DDR5-6600 C32 32GB (2x16GB)", "mark": "62", "link": "https://versus.com/en/corsair-vengeance-rgb-ddr5-6600-c32-32gb-2x16gb"}, {"name": "Corsair Vengeance LPX DDR4-3600 C18 16GB (2x8GB)", "mark": "62", "link": "https://versus.com/en/corsair-vengeance-lpx-ddr4-3600-c18-16gb-2x8gb"}, {"name": "Adata XPG Spectrix D35G RGB DDR4-3600 32GB (2x16GB)", "mark": "62", "link": "https://versus.com/en/adata-xpg-spectrix-d35g-rgb-ddr4-3600-32gb-2x16gb"}, {"name": "Kingston Fury Beast RGB DDR4-2666 CL16 16GB (2x8GB)", "mark": "62", "link": "https://versus.com/en/kingston-fury-beast-rgb-ddr4-2666-cl16-16gb-2x8gb"}, {"name": "Corsair Dominator Titanium First Edition RGB DDR5-7200 C36 48GB (2x24GB)", "mark": "62", "link": "https://versus.com/en/corsair-dominator-titanium-first-edition-rgb-ddr5-7200-c36-48gb-2x24gb"}, {"name": "G.Skill Trident Z5 Neo RGB AMD DDR5-6000 CL36 32GB (2x16GB)", "mark": "62", "link": "https://versus.com/en/g-skill-trident-z5-neo-rgb-amd-ddr5-6000-cl36-32gb-2x16gb"}, {"name": "Corsair Vengeance LPX DDR4-4000 C19 16GB (2x8GB)", "mark": "62", "link": "https://versus.com/en/corsair-vengeance-lpx-ddr4-4000-c19-16gb-2x8gb"}, {"name": "G.Skill Trident Z5 DDR5-6000 CL36 32GB (2x16GB)", "mark": "62", "link": "https://versus.com/en/g-skill-trident-z5-ddr5-6000-cl36-32gb-2x16gb"}, {"name": "G.Skill Trident Z5 RGB DDR5-6000 CL36 32GB (2x16GB)", "mark": "62", "link": "https://versus.com/en/g-skill-trident-z5-rgb-ddr5-6000-cl36-32gb-2x16gb"}, {"name": "Adata XPG Caster DDR5-6000 CL40 32GB (2x16GB)", "mark": "62", "link": "https://versus.com/en/adata-xpg-caster-ddr5-6000-cl40-32gb-2x16gb"}, {"name": "Team Group T-Force Night Hawk Legend RGB DDR4-3600 CL18 16GB (2x8GB)", "mark": "62", "link": "https://versus.com/en/team-group-t-force-night-hawk-legend-rgb-ddr4-3600-cl18-16gb-2x8gb"}, {"name": "Adata XPG Lancer DDR5-6000 CL40 32GB (2x16GB)", "mark": "62", "link": "https://versus.com/en/adata-xpg-lancer-ddr5-6000-cl40-32gb-2x16gb"}, {"name": "PNY XLR8 Gaming Mako DDR5-6000 CL36 32GB (2x16GB)", "mark": "62", "link": "https://versus.com/en/pny-xlr8-gaming-mako-ddr5-6000-cl36-32gb-2x16gb"}, {"name": "Sabrent Rocket DDR4-3200 32GB (2x16GB)", "mark": "62", "link": "https://versus.com/en/sabrent-rocket-ddr4-3200-32gb-2x16gb"}, {"name": "Team Group T-Force Vulcan DDR5-5600 CL36 32GB (2x16GB)", "mark": "62", "link": "https://versus.com/en/team-group-t-force-vulcan-ddr5-5600-cl36-32gb-2x16gb"}, {"name": "G.Skill Trident Z Neo DDR4-3600 CL18 16GB (2x8GB)", "mark": "62", "link": "https://versus.com/en/g-skill-trident-z-neo-ddr4-3600-cl18-16gb-2x8gb"}, {"name": "PNY XLR8 Gaming RGB DDR4-4600 CL19 16GB (2x8GB)", "mark": "62", "link": "https://versus.com/en/pny-xlr8-gaming-rgb-ddr4-4600-cl19-16gb-2x8gb"}, {"name": "Team Group T-Force Night Hawk RGB DDR4-4000 CL18 32GB (2x16GB)", "mark": "62", "link": "https://versus.com/en/team-group-t-force-night-hawk-rgb-ddr4-4000-cl18-32gb-2x16gb"}, {"name": "Team Group T-Force Xtreem ARGB White DDR4-5333 CL22 16GB (2x8GB)", "mark": "61", "link": "https://versus.com/en/team-group-t-force-xtreem-argb-white-ddr4-5333-cl22-16gb-2x8gb"}, {"name": "V-Color Manta Xprism RGB DDR5-5600 CL36 32GB (2x16GB)", "mark": "61", "link": "https://versus.com/en/v-color-manta-xprism-rgb-ddr5-5600-cl36-32gb-2x16gb"}, {"name": "Mushkin Redline Notebook DDR4-2666 CL19 64GB (2x32GB)", "mark": "61", "link": "https://versus.com/en/mushkin-redline-notebook-ddr4-2666-cl19-64gb-2x32gb"}, {"name": "G.Skill Ripjaws DDR4-4000 32GB (4x8GB)", "mark": "61", "link": "https://versus.com/en/g-skill-ripjaws-ddr4-4000-32gb-4x8gb"}, {"name": "G.Skill Ripjaws DDR4-3800 32GB (4x8GB)", "mark": "61", "link": "https://versus.com/en/g-skill-ripjaws-ddr4-3800-32gb-4x8gb"}, {"name": "G.Skill Ripjaws DDR5-4800 CL34 32GB (2x16GB)", "mark": "61", "link": "https://versus.com/en/g-skill-ripjaws-ddr5-4800-cl34-32gb-2x16gb"}, {"name": "Team Group T-Force Vulcan Alpha DDR5-6000 CL38 32GB (2x16GB)", "mark": "61", "link": "https://versus.com/en/team-group-t-force-vulcan-alpha-ddr5-6000-cl38-32gb-2x16gb"}, {"name": "G.Skill Flare X5 AMD DDR5-5600 CL36 32GB (2x16GB)", "mark": "61", "link": "https://versus.com/en/g-skill-flare-x5-amd-ddr5-5600-cl36-32gb-2x16gb"}, {"name": "Team Group T-Force Delta RGB DDR5-7000 CL34 32GB (2x16GB)", "mark": "61", "link": "https://versus.com/en/team-group-t-force-delta-rgb-ddr5-7000-cl34-32gb-2x16gb"}, {"name": "Patriot Viper Elite II DDR4-3200 C18 16GB (2x8GB)", "mark": "61", "link": "https://versus.com/en/patriot-viper-elite-ii-ddr4-3200-c18-16gb-2x8gb"}, {"name": "G.Skill Trident Z Neo DDR4-3800 CL16 16GB (2x8GB)", "mark": "61", "link": "https://versus.com/en/g-skill-trident-z-neo-ddr4-3800-cl16-16gb-2x8gb"}, {"name": "Patriot Viper Steel RGB DDR4-3200 C18 16GB (2x8GB)", "mark": "61", "link": "https://versus.com/en/patriot-viper-steel-rgb-ddr4-3200-c18-16gb-2x8gb"}, {"name": "Crucial CT2K32G48C40S5 DDR5-4800 64GB (2x32GB)", "mark": "61", "link": "https://versus.com/en/crucial-ct2k32g48c40s5-ddr5-4800-64gb-2x32gb"}, {"name": "Corsair Vengeance DDR4-3000 16GB (2x8GB)", "mark": "61", "link": "https://versus.com/en/corsair-vengeance-ddr4-3000-16gb-2x8gb"}, {"name": "Biostar Storming V DDR4-3200 CL16 8GB (1x8GB)", "mark": "60", "link": "https://versus.com/en/biostar-storming-v-ddr4-3200-cl16-8gb-1x8gb"}, {"name": "Patriot Viper Venom DDR5-5200 C36 16GB (2x8GB)", "mark": "60", "link": "https://versus.com/en/patriot-viper-venom-ddr5-5200-c36-16gb-2x8gb"}, {"name": "G.Skill Trident Z5 RGB DDR5-7200 CL34 32GB (2x16GB)", "mark": "60", "link": "https://versus.com/en/g-skill-trident-z5-rgb-ddr5-7200-cl34-32gb-2x16gb"}, {"name": "G.Skill Trident Z5 DDR5-5600 CL36 32GB (2x16GB)", "mark": "60", "link": "https://versus.com/en/g-skill-trident-z5-ddr5-5600-cl36-32gb-2x16gb"}, {"name": "Adata XPG Spectrix D60G RGB DDR4-3200 CL16 16GB (2x8GB)", "mark": "60", "link": "https://versus.com/en/adata-xpg-spectrix-d60g-rgb-ddr4-3200-cl16-16gb-2x8gb"}, {"name": "Adata XPG Spectrix D50 RGB DDR4-3200 CL16 16GB (2x8GB)", "mark": "60", "link": "https://versus.com/en/adata-xpg-spectrix-d50-rgb-ddr4-3200-cl16-16gb-2x8gb"}, {"name": "V-Color Manta XSky ROG Certified RGB DDR5-7200 32GB (2x16GB)", "mark": "60", "link": "https://versus.com/en/v-color-manta-xsky-rog-certified-rgb-ddr5-7200-32gb-2x16gb"}, {"name": "Corsair Vengeance DDR4-2400 16GB (2x8GB)", "mark": "60", "link": "https://versus.com/en/corsair-vengeance-ddr4-2400-16gb-2x8gb"}, {"name": "Corsair Vengeance LPX DDR4-2400 C16 16GB (2x8GB)", "mark": "60", "link": "https://versus.com/en/corsair-vengeance-lpx-ddr4-2400-c16-16gb-2x8gb"}, {"name": "Crucial CT2K8G4SFS824A DDR4-2400 16GB (2x8GB)", "mark": "60", "link": "https://versus.com/en/crucial-ct2k8g4sfs824a-ddr4-2400-16gb-2x8gb"}, {"name": "Crucial CT2K8G4S24AM DDR4-2400 16GB (2x8GB)", "mark": "60", "link": "https://versus.com/en/crucial-ct2k8g4s24am-ddr4-2400-16gb-2x8gb"}, {"name": "Adata XPG Caster DDR5-6000 CL30 16GB (2x8GB)", "mark": "60", "link": "https://versus.com/en/adata-xpg-caster-ddr5-6000-cl30-16gb-2x8gb"}, {"name": "Patriot Viper Elite II DDR4-4000 C20 16GB (2x8GB)", "mark": "60", "link": "https://versus.com/en/patriot-viper-elite-ii-ddr4-4000-c20-16gb-2x8gb"}, {"name": "Team Group T-Force Delta RGB DDR5-7600 CL36 32GB (2x16GB)", "mark": "60", "link": "https://versus.com/en/team-group-t-force-delta-rgb-ddr5-7600-cl36-32gb-2x16gb"}, {"name": "Crucial CT2K32G52C42S5 DDR5-5200 64GB (2x32GB)", "mark": "60", "link": "https://versus.com/en/crucial-ct2k32g52c42s5-ddr5-5200-64gb-2x32gb"}, {"name": "Lexar Ares RGB DDR5-5600 CL32 32GB (2x16GB)", "mark": "60", "link": "https://versus.com/en/lexar-ares-rgb-ddr5-5600-cl32-32gb-2x16gb"}, {"name": "G.Skill Trident Z5 RGB DDR5-6800 CL34 32GB (2x16GB)", "mark": "60", "link": "https://versus.com/en/g-skill-trident-z5-rgb-ddr5-6800-cl34-32gb-2x16gb"}, {"name": "G.Skill Trident Z5 RGB DDR5-8000 CL40 48GB (2x24GB)", "mark": "60", "link": "https://versus.com/en/g-skill-trident-z5-rgb-ddr5-8000-cl40-48gb-2x24gb"}, {"name": "Timetec DDR4-2133 16GB (2x8GB)", "mark": "60", "link": "https://versus.com/en/timetec-ddr4-2133-16gb-2x8gb"}, {"name": "Adata XPG Gammix D35 DDR4-3200 16GB (2x8GB)", "mark": "60", "link": "https://versus.com/en/adata-xpg-gammix-d35-ddr4-3200-16gb-2x8gb"}, {"name": "Corsair Dominator Platinum RGB DDR5-5600 C32 32GB (2x16GB)", "mark": "60", "link": "https://versus.com/en/corsair-dominator-platinum-rgb-ddr5-5600-c32-32gb-2x16gb"}, {"name": "G.Skill Ripjaws S5 DDR5-5200 CL36 32GB (2x16GB)", "mark": "59", "link": "https://versus.com/en/g-skill-ripjaws-s5-ddr5-5200-cl36-32gb-2x16gb"}, {"name": "Corsair Value Select DDR4-2133 16GB (2x8GB)", "mark": "59", "link": "https://versus.com/en/corsair-value-select-ddr4-2133-16gb-2x8gb"}, {"name": "Team Group T-Force Xcalibur RGB DDR4-4000 CL18 16GB (2x8GB)", "mark": "59", "link": "https://versus.com/en/team-group-t-force-xcalibur-rgb-ddr4-4000-cl18-16gb-2x8gb"}, {"name": "V-Color Manta Xprism Halloween Edition RGB DDR5-5600 CL30 32GB (2x16GB)", "mark": "59", "link": "https://versus.com/en/v-color-manta-xprism-halloween-edition-rgb-ddr5-5600-cl30-32gb-2x16gb"}, {"name": "Team Group T-Force Delta RGB DDR5-8000 CL38 32GB (2x16GB)", "mark": "59", "link": "https://versus.com/en/team-group-t-force-delta-rgb-ddr5-8000-cl38-32gb-2x16gb"}, {"name": "Biostar Storming V DDR4-3600 CL18 16GB (1x16GB)", "mark": "59", "link": "https://versus.com/en/biostar-storming-v-ddr4-3600-cl18-16gb-1x16gb"}, {"name": "G.Skill Trident Z5 RGB DDR5-5200 CL36 32GB (2x16GB)", "mark": "59", "link": "https://versus.com/en/g-skill-trident-z5-rgb-ddr5-5200-cl36-32gb-2x16gb"}, {"name": "G.Skill Flare X5 AMD DDR5-5200 CL36 32GB (2x16GB)", "mark": "59", "link": "https://versus.com/en/g-skill-flare-x5-amd-ddr5-5200-cl36-32gb-2x16gb"}, {"name": "Mushkin Redline Notebook DDR4-2933 CL21 64GB (2x32GB)", "mark": "59", "link": "https://versus.com/en/mushkin-redline-notebook-ddr4-2933-cl21-64gb-2x32gb"}, {"name": "Silicon Power DDR4-3200 32GB (2x16GB)", "mark": "59", "link": "https://versus.com/en/silicon-power-ddr4-3200-32gb-2x16gb"}, {"name": "G.Skill Trident Z5 RGB DDR5-7800 CL36 32GB (2x16GB)", "mark": "59", "link": "https://versus.com/en/g-skill-trident-z5-rgb-ddr5-7800-cl36-32gb-2x16gb"}, {"name": "Adata XPG Z1 DDR4-3200 CL17 16GB (2x8GB)", "mark": "59", "link": "https://versus.com/en/adata-xpg-z1-ddr4-3200-cl17-16gb-2x8gb"}, {"name": "Mushkin Redline Notebook DDR4-3200 CL22 64GB (2x32GB)", "mark": "59", "link": "https://versus.com/en/mushkin-redline-notebook-ddr4-3200-cl22-64gb-2x32gb"}, {"name": "Crucial CT2K8G4S266M DDR4-2666 CL19 16GB (2x8GB)", "mark": "59", "link": "https://versus.com/en/crucial-ct2k8g4s266m-ddr4-2666-cl19-16gb-2x8gb"}, {"name": "G.Skill Trident Z5 RGB DDR5-7600 CL36 32GB (2x16GB)", "mark": "59", "link": "https://versus.com/en/g-skill-trident-z5-rgb-ddr5-7600-cl36-32gb-2x16gb"}, {"name": "Team Group T-Force Delta RGB DDR5-6800 CL34 32GB (2x16GB)", "mark": "59", "link": "https://versus.com/en/team-group-t-force-delta-rgb-ddr5-6800-cl34-32gb-2x16gb"}, {"name": "Adata XPG Lancer RGB Edition DDR5-5200 CL30 16GB (2x8GB)", "mark": "59", "link": "https://versus.com/en/adata-xpg-lancer-rgb-edition-ddr5-5200-cl30-16gb-2x8gb"}, {"name": "Corsair Vengeance RGB DDR5-5200 C40 32GB (2x16GB)", "mark": "59", "link": "https://versus.com/en/corsair-vengeance-rgb-ddr5-5200-c40-32gb-2x16gb"}, {"name": "Kingston Fury Beast RGB DDR5-6000 CL40 32GB (1x32GB)", "mark": "59", "link": "https://versus.com/en/kingston-fury-beast-rgb-ddr5-6000-cl40-32gb-1x32gb"}, {"name": "Samsung DDR4-3200 CL22 16GB (1x16GB)", "mark": "59", "link": "https://versus.com/en/samsung-ddr4-3200-cl22-16gb-1x16gb"}, {"name": "Colorful Battle-Ax Redline DDR5-6000 CL30 32GB (2x16GB)", "mark": "58", "link": "https://versus.com/en/colorful-battle-ax-redline-ddr5-6000-cl30-32gb-2x16gb"}, {"name": "G.Skill Trident Z5 DDR5-6000 CL30 32GB (2x16GB)", "mark": "58", "link": "https://versus.com/en/g-skill-trident-z5-ddr5-6000-cl30-32gb-2x16gb"}, {"name": "Crucial CT2K4G4SFS824A DDR4-2400 8GB (2x4GB)", "mark": "58", "link": "https://versus.com/en/crucial-ct2k4g4sfs824a-ddr4-2400-8gb-2x4gb"}, {"name": "Corsair Vengeance Series DDR4-2666 16GB (2x8GB)", "mark": "58", "link": "https://versus.com/en/corsair-vengeance-series-ddr4-2666-16gb-2x8gb"}, {"name": "V-Color XSky ROG Certified RGB DDR5-7000 CL36 32GB (2x16GB)", "mark": "58", "link": "https://versus.com/en/v-color-xsky-rog-certified-rgb-ddr5-7000-cl36-32gb-2x16gb"}, {"name": "Team Group T-Force Delta RGB DDR5-7800 CL38 32GB (2x16GB)", "mark": "58", "link": "https://versus.com/en/team-group-t-force-delta-rgb-ddr5-7800-cl38-32gb-2x16gb"}, {"name": "Timetec DDR4-2400 16GB (2x8GB)", "mark": "58", "link": "https://versus.com/en/timetec-ddr4-2400-16gb-2x8gb"}, {"name": "Corsair Dominator Platinum RGB DDR5-7000 C34 32GB (2x16GB)", "mark": "58", "link": "https://versus.com/en/corsair-dominator-platinum-rgb-ddr5-7000-c34-32gb-2x16gb"}, {"name": "G.Skill Ripjaws DDR4-3200 CL22 32GB (2x16GB)", "mark": "58", "link": "https://versus.com/en/g-skill-ripjaws-ddr4-3200-cl22-32gb-2x16gb"}, {"name": "Oloy Blade RGB DDR5-5600 CL36 16GB (2x8GB)", "mark": "58", "link": "https://versus.com/en/oloy-blade-rgb-ddr5-5600-cl36-16gb-2x8gb"}, {"name": "Adata XPG Spectrix D35G RGB DDR4-3600 16GB (2x8GB)", "mark": "58", "link": "https://versus.com/en/adata-xpg-spectrix-d35g-rgb-ddr4-3600-16gb-2x8gb"}, {"name": "Adata XPG Gammix D35 DDR4-3600 16GB (2x8GB)", "mark": "58", "link": "https://versus.com/en/adata-xpg-gammix-d35-ddr4-3600-16gb-2x8gb"}, {"name": "G.Skill Trident Z Neo DDR4-2666 CL18 16GB (2x8GB)", "mark": "58", "link": "https://versus.com/en/g-skill-trident-z-neo-ddr4-2666-cl18-16gb-2x8gb"}, {"name": "Patriot Viper Elite II DDR4-3600 C20 16GB (2x8GB)", "mark": "58", "link": "https://versus.com/en/patriot-viper-elite-ii-ddr4-3600-c20-16gb-2x8gb"}, {"name": "Team Group Elite DDR4-3200 CL22 32GB (2x16GB)", "mark": "58", "link": "https://versus.com/en/team-group-elite-ddr4-3200-cl22-32gb-2x16gb"}, {"name": "Corsair Dominator Platinum RGB DDR5-7600 C36 32GB (2x16GB)", "mark": "58", "link": "https://versus.com/en/corsair-dominator-platinum-rgb-ddr5-7600-c36-32gb-2x16gb"}, {"name": "Corsair Mac Memory DDR4-2666 16GB (2x8GB)", "mark": "58", "link": "https://versus.com/en/corsair-mac-memory-ddr4-2666-16gb-2x8gb"}, {"name": "Corsair Vengeance DDR4-2933 16GB (2x8GB)", "mark": "58", "link": "https://versus.com/en/corsair-vengeance-ddr4-2933-16gb-2x8gb"}, {"name": "PNY Performance DDR4-2400 16GB (2x8GB)", "mark": "57", "link": "https://versus.com/en/pny-performance-ddr4-2400-16gb-2x8gb"}, {"name": "Crucial CT2K4G4SFS8266 DDR4-2666 8GB (2x4GB)", "mark": "57", "link": "https://versus.com/en/crucial-ct2k4g4sfs8266-ddr4-2666-8gb-2x4gb"}, {"name": "G.Skill Ripjaws DDR5-5200 32GB (2x16GB)", "mark": "57", "link": "https://versus.com/en/g-skill-ripjaws-ddr5-5200-32gb-2x16gb"}, {"name": "Adata XPG Lancer RGB ROG Certified DDR5-6400 CL40 16GB (2x8GB)", "mark": "57", "link": "https://versus.com/en/adata-xpg-lancer-rgb-rog-certified-ddr5-6400-cl40-16gb-2x8gb"}, {"name": "G.Skill Ripjaws DDR4-3000 16GB (2x8GB)", "mark": "57", "link": "https://versus.com/en/g-skill-ripjaws-ddr4-3000-16gb-2x8gb"}, {"name": "Corsair Vengeance DDR5-4800 64GB (2x32GB)", "mark": "57", "link": "https://versus.com/en/corsair-vengeance-ddr5-4800-64gb-2x32gb"}, {"name": "Adata XPG Lancer DDR5-5200 CL30 16GB (2x8GB)", "mark": "57", "link": "https://versus.com/en/adata-xpg-lancer-ddr5-5200-cl30-16gb-2x8gb"}, {"name": "G.Skill Trident Z Royal Elite DDR4-5333 CL22 16GB (2x8GB)", "mark": "57", "link": "https://versus.com/en/g-skill-trident-z-royal-elite-ddr4-5333-cl22-16gb-2x8gb"}, {"name": "G.Skill Trident Z5 RGB DDR5-5600 CL36 32GB (2x16GB)", "mark": "56", "link": "https://versus.com/en/g-skill-trident-z5-rgb-ddr5-5600-cl36-32gb-2x16gb"}, {"name": "G.Skill Trident Z5 RGB DDR5-6000 CL40 32GB (2x16GB)", "mark": "56", "link": "https://versus.com/en/g-skill-trident-z5-rgb-ddr5-6000-cl40-32gb-2x16gb"}, {"name": "Timetec DDR4-2666 16GB (2x8GB)", "mark": "56", "link": "https://versus.com/en/timetec-ddr4-2666-16gb-2x8gb"}, {"name": "G.Skill Trident Z5 DDR5-6000 CL40 32GB (2x16GB)", "mark": "56", "link": "https://versus.com/en/g-skill-trident-z5-ddr5-6000-cl40-32gb-2x16gb"}, {"name": "Patriot Signature Line DDR4-2133 32GB (2x16GB)", "mark": "56", "link": "https://versus.com/en/patriot-signature-line-ddr4-2133-32gb-2x16gb"}, {"name": "A-Tech DDR4-2400 CL17 16GB (2x8GB)", "mark": "56", "link": "https://versus.com/en/a-tech-ddr4-2400-cl17-16gb-2x8gb"}, {"name": "Adata XPG Hunter DDR5-5200 CL38 16GB (2x8GB)", "mark": "56", "link": "https://versus.com/en/adata-xpg-hunter-ddr5-5200-cl38-16gb-2x8gb"}, {"name": "Team Group T-Force Xtreem ARGB DDR4-5333 CL22 16GB (2x8GB)", "mark": "56", "link": "https://versus.com/en/team-group-t-force-xtreem-argb-ddr4-5333-cl22-16gb-2x8gb"}, {"name": "Biostar Gaming X RGB DDR4-3600 CL18 16GB (2x8GB)", "mark": "56", "link": "https://versus.com/en/biostar-gaming-x-rgb-ddr4-3600-cl18-16gb-2x8gb"}, {"name": "Team Group T-Force Night Hawk RGB DDR4-3600 CL18 16GB (2x8GB)", "mark": "56", "link": "https://versus.com/en/team-group-t-force-night-hawk-rgb-ddr4-3600-cl18-16gb-2x8gb"}, {"name": "Silicon Power Zenith Gaming DDR5-5600 CL40 32GB (2x16GB)", "mark": "56", "link": "https://versus.com/en/silicon-power-zenith-gaming-ddr5-5600-cl40-32gb-2x16gb"}, {"name": "Kingston Fury Impact DDR5-4800 CL38 32GB (2x16GB)", "mark": "56", "link": "https://versus.com/en/kingston-fury-impact-ddr5-4800-cl38-32gb-2x16gb"}, {"name": "G.Skill Trident Z5 RGB DDR5-8000 CL38 32GB (2x16GB)", "mark": "56", "link": "https://versus.com/en/g-skill-trident-z5-rgb-ddr5-8000-cl38-32gb-2x16gb"}, {"name": "Silicon Power DDR4-2666 32GB (2x16GB)", "mark": "56", "link": "https://versus.com/en/silicon-power-ddr4-2666-32gb-2x16gb"}, {"name": "Biostar Storming V DDR4-3600 CL18 8GB (1x8GB)", "mark": "56", "link": "https://versus.com/en/biostar-storming-v-ddr4-3600-cl18-8gb-1x8gb"}, {"name": "Biostar Gaming X RGB DDR4-3600 CL18 8GB (1x8GB)", "mark": "56", "link": "https://versus.com/en/biostar-gaming-x-rgb-ddr4-3600-cl18-8gb-1x8gb"}, {"name": "Corsair Vengeance LPX DDR4-3200 C18 16GB (2x8GB)", "mark": "56", "link": "https://versus.com/en/corsair-vengeance-lpx-ddr4-3200-c18-16gb-2x8gb"}, {"name": "G.Skill Trident Z Royal Elite DDR4-4800 CL19 16GB (2x8GB)", "mark": "56", "link": "https://versus.com/en/g-skill-trident-z-royal-elite-ddr4-4800-cl19-16gb-2x8gb"}, {"name": "PNY Performance DDR4-2666 16GB (2x8GB)", "mark": "56", "link": "https://versus.com/en/pny-performance-ddr4-2666-16gb-2x8gb"}, {"name": "Colorful Battle-Ax Redline DDR4-4000 CL19 16GB (2x8GB)", "mark": "55", "link": "https://versus.com/en/colorful-battle-ax-redline-ddr4-4000-cl19-16gb-2x8gb"}, {"name": "Colorful Battle-Ax DDR4-4000 CL19 16GB (2x8GB)", "mark": "55", "link": "https://versus.com/en/colorful-battle-ax-ddr4-4000-cl19-16gb-2x8gb"}, {"name": "Adata XPG Lancer Blade DDR5-5600 16GB (2x8GB)", "mark": "55", "link": "https://versus.com/en/adata-xpg-lancer-blade-ddr5-5600-16gb-2x8gb"}, {"name": "Corsair Vengeance DDR5-4400 C36 64GB (2x32GB)", "mark": "55", "link": "https://versus.com/en/corsair-vengeance-ddr5-4400-c36-64gb-2x32gb"}, {"name": "G.Skill Trident Z5 RGB DDR5-5600 CL40 32GB (2x16GB)", "mark": "55", "link": "https://versus.com/en/g-skill-trident-z5-rgb-ddr5-5600-cl40-32gb-2x16gb"}, {"name": "G.Skill Trident Z5 DDR5-5600 CL40 32GB (2x16GB)", "mark": "55", "link": "https://versus.com/en/g-skill-trident-z5-ddr5-5600-cl40-32gb-2x16gb"}, {"name": "Team Group T-Force Vulcan Alpha DDR5-5600 CL40 32GB (2x16GB)", "mark": "55", "link": "https://versus.com/en/team-group-t-force-vulcan-alpha-ddr5-5600-cl40-32gb-2x16gb"}, {"name": "G.Skill Ripjaws DDR5-4800 CL38 32GB (2x16GB)", "mark": "55", "link": "https://versus.com/en/g-skill-ripjaws-ddr5-4800-cl38-32gb-2x16gb"}, {"name": "Corsair Vengeance AMD DDR5-6400 C38 32GB (2x16GB)", "mark": "55", "link": "https://versus.com/en/corsair-vengeance-amd-ddr5-6400-c38-32gb-2x16gb"}, {"name": "Corsair Vengeance RGB DDR5-6400 C38 32GB (2x16GB)", "mark": "55", "link": "https://versus.com/en/corsair-vengeance-rgb-ddr5-6400-c38-32gb-2x16gb"}, {"name": "Corsair Dominator Platinum RGB DDR5-6400 C38 32GB (2x16GB)", "mark": "55", "link": "https://versus.com/en/corsair-dominator-platinum-rgb-ddr5-6400-c38-32gb-2x16gb"}, {"name": "Team Group T-Force Delta Alpha RGB DDR5-6000 CL38 32GB (2x16GB)", "mark": "55", "link": "https://versus.com/en/team-group-t-force-delta-alpha-rgb-ddr5-6000-cl38-32gb-2x16gb"}, {"name": "Crucial CT2K8G4SFRA32A DDR4-3200 16GB (2x8GB)", "mark": "55", "link": "https://versus.com/en/crucial-ct2k8g4sfra32a-ddr4-3200-16gb-2x8gb"}, {"name": "Team Group T-Force Zeus DDR4-3200 CL22 16GB (2x8GB)", "mark": "55", "link": "https://versus.com/en/team-group-t-force-zeus-ddr4-3200-cl22-16gb-2x8gb"}, {"name": "Colorful Battle-Ax DDR5-6000 CL40 16GB (2x8GB)", "mark": "54", "link": "https://versus.com/en/colorful-battle-ax-ddr5-6000-cl40-16gb-2x8gb"}, {"name": "G.Skill Trident Z Royal Elite DDR4-5066 CL20 16GB (2x8GB)", "mark": "54", "link": "https://versus.com/en/g-skill-trident-z-royal-elite-ddr4-5066-cl20-16gb-2x8gb"}, {"name": "Patriot Signature Line DDR4-2400 32GB (2x16GB)", "mark": "54", "link": "https://versus.com/en/patriot-signature-line-ddr4-2400-32gb-2x16gb"}, {"name": "Team Group T-Force Vulcan DDR5-6000 CL38 16GB (1x16GB)", "mark": "54", "link": "https://versus.com/en/team-group-t-force-vulcan-ddr5-6000-cl38-16gb-1x16gb"}, {"name": "Adata XPG Caster RGB DDR5-6000 CL40 16GB (2x8GB)", "mark": "54", "link": "https://versus.com/en/adata-xpg-caster-rgb-ddr5-6000-cl40-16gb-2x8gb"}, {"name": "Crucial CT2K16G48C40S5 DDR5-4800 32GB (2x16GB)", "mark": "54", "link": "https://versus.com/en/crucial-ct2k16g48c40s5-ddr5-4800-32gb-2x16gb"}, {"name": "Team Group T-Force Vulcan DDR5-6400 CL40 32GB (2x16GB)", "mark": "54", "link": "https://versus.com/en/team-group-t-force-vulcan-ddr5-6400-cl40-32gb-2x16gb"}, {"name": "Biostar Gaming X RGB DDR4-3200 CL18 16GB (2x8GB)", "mark": "54", "link": "https://versus.com/en/biostar-gaming-x-rgb-ddr4-3200-cl18-16gb-2x8gb"}, {"name": "Crucial CT8G48C40U5 DDR5-4800 CL40 8GB (1x8GB)", "mark": "54", "link": "https://versus.com/en/crucial-ct8g48c40u5-ddr5-4800-cl40-8gb-1x8gb"}, {"name": "Kingston Fury Beast DDR5-4800 CL38 32GB (2x16GB)", "mark": "54", "link": "https://versus.com/en/kingston-fury-beast-ddr5-4800-cl38-32gb-2x16gb"}, {"name": "Corsair Vengeance DDR4-3200 16GB (2x8GB)", "mark": "54", "link": "https://versus.com/en/corsair-vengeance-ddr4-3200-16gb-2x8gb"}, {"name": "Crucial CT2K16G52C42S5 DDR5-5200 32GB (2x16GB)", "mark": "53", "link": "https://versus.com/en/crucial-ct2k16g52c42s5-ddr5-5200-32gb-2x16gb"}, {"name": "Biostar Gaming X RGB DDR4-3200 CL18 8GB (1x8GB)", "mark": "53", "link": "https://versus.com/en/biostar-gaming-x-rgb-ddr4-3200-cl18-8gb-1x8gb"}, {"name": "Patriot Viper Venom DDR5-5600 C40 16GB (2x8GB)", "mark": "53", "link": "https://versus.com/en/patriot-viper-venom-ddr5-5600-c40-16gb-2x8gb"}, {"name": "G.Skill Ripjaws DDR4-2800 16GB (2x8GB)", "mark": "53", "link": "https://versus.com/en/g-skill-ripjaws-ddr4-2800-16gb-2x8gb"}, {"name": "G.Skill Ripjaws DDR4-2400 16GB (2x8GB)", "mark": "53", "link": "https://versus.com/en/g-skill-ripjaws-ddr4-2400-16gb-2x8gb"}, {"name": "Kingston Fury Impact DDR5-4800 CL38 16GB (2x8GB)", "mark": "52", "link": "https://versus.com/en/kingston-fury-impact-ddr5-4800-cl38-16gb-2x8gb"}, {"name": "G.Skill Ripjaws DDR5-4800 CL40 32GB (2x16GB)", "mark": "52", "link": "https://versus.com/en/g-skill-ripjaws-ddr5-4800-cl40-32gb-2x16gb"}, {"name": "Silicon Power DDR4-2133 16GB (2x8GB)", "mark": "52", "link": "https://versus.com/en/silicon-power-ddr4-2133-16gb-2x8gb"}, {"name": "Patriot Signature Line DDR4-2133 16GB (2x8GB)", "mark": "52", "link": "https://versus.com/en/patriot-signature-line-ddr4-2133-16gb-2x8gb"}, {"name": "Kingston Fury Beast DDR5-6000 CL38 8GB (1x8GB)", "mark": "52", "link": "https://versus.com/en/kingston-fury-beast-ddr5-6000-cl38-8gb-1x8gb"}, {"name": "Kingston Fury Beast RGB DDR5-6000 CL36 8GB (1x8GB)", "mark": "52", "link": "https://versus.com/en/kingston-fury-beast-rgb-ddr5-6000-cl36-8gb-1x8gb"}, {"name": "V-Color Manta Xprism RGB DDR5-7800 CL38 32GB (2x16GB)", "mark": "51", "link": "https://versus.com/en/v-color-manta-xprism-rgb-ddr5-7800-cl38-32gb-2x16gb"}, {"name": "Team Group Elite Plus DDR5-5200 16GB (1x16GB)", "mark": "51", "link": "https://versus.com/en/team-group-elite-plus-ddr5-5200-16gb-1x16gb"}, {"name": "Crucial CT2K8G48C40S5 DDR5-4800 16GB (2x8GB)", "mark": "51", "link": "https://versus.com/en/crucial-ct2k8g48c40s5-ddr5-4800-16gb-2x8gb"}, {"name": "Patriot Signature Line DDR4-2400 16GB (2x8GB)", "mark": "50", "link": "https://versus.com/en/patriot-signature-line-ddr4-2400-16gb-2x8gb"}, {"name": "Crucial CT2K16G56C46U5 DDR5-5600 CL46 32GB (2x16GB)", "mark": "50", "link": "https://versus.com/en/crucial-ct2k16g56c46u5-ddr5-5600-cl46-32gb-2x16gb"}, {"name": "Crucial CT2K16G56C46S5 DDR5-5600 32GB (2x16GB)", "mark": "50", "link": "https://versus.com/en/crucial-ct2k16g56c46s5-ddr5-5600-32gb-2x16gb"}, {"name": "Corsair Vengeance DDR5-4800 32GB (2x16GB)", "mark": "50", "link": "https://versus.com/en/corsair-vengeance-ddr5-4800-32gb-2x16gb"}, {"name": "Lexar Ares OC DDR5-5200 CL38 32GB (2x16GB)", "mark": "49", "link": "https://versus.com/en/lexar-ares-oc-ddr5-5200-cl38-32gb-2x16gb"}, {"name": "Corsair Vengeance RGB Pro DDR4-3000 C16 8GB (1x8GB)", "mark": "49", "link": "https://versus.com/en/corsair-vengeance-rgb-pro-ddr4-3000-c16-8gb-1x8gb"}, {"name": "Team Group T-Force Vulcan DDR5-4800 CL36 32GB (2x16GB)", "mark": "49", "link": "https://versus.com/en/team-group-t-force-vulcan-ddr5-4800-cl36-32gb-2x16gb"}, {"name": "Silicon Power DDR4-2400 16GB (2x8GB)", "mark": "49", "link": "https://versus.com/en/silicon-power-ddr4-2400-16gb-2x8gb"}, {"name": "Patriot Signature Line DDR4-2666 16GB (2x8GB)", "mark": "49", "link": "https://versus.com/en/patriot-signature-line-ddr4-2666-16gb-2x8gb"}, {"name": "Team Group T-Force Vulcan DDR5-5200 CL38 32GB (2x16GB)", "mark": "48", "link": "https://versus.com/en/team-group-t-force-vulcan-ddr5-5200-cl38-32gb-2x16gb"}, {"name": "Team Group T-Force Delta Alpha RGB DDR5-5600 CL40 32GB (2x16GB)", "mark": "48", "link": "https://versus.com/en/team-group-t-force-delta-alpha-rgb-ddr5-5600-cl40-32gb-2x16gb"}, {"name": "G.Skill Ripjaws DDR4-2666 CL19 16GB (2x8GB)", "mark": "48", "link": "https://versus.com/en/g-skill-ripjaws-ddr4-2666-cl19-16gb-2x8gb"}, {"name": "Patriot Signature Line DDR5-4800 C40 8GB (1x8GB)", "mark": "48", "link": "https://versus.com/en/patriot-signature-line-ddr5-4800-c40-8gb-1x8gb"}, {"name": "Team Group Elite Plus DDR5-4800 16GB (2x8GB)", "mark": "48", "link": "https://versus.com/en/team-group-elite-plus-ddr5-4800-16gb-2x8gb"}, {"name": "Team Group Elite Plus DDR5-5600 16GB (1x16GB)", "mark": "48", "link": "https://versus.com/en/team-group-elite-plus-ddr5-5600-16gb-1x16gb"}, {"name": "Team Group Vulcan DDR4-3200 CL22 16GB (2x8GB)", "mark": "47", "link": "https://versus.com/en/team-group-vulcan-ddr4-3200-cl22-16gb-2x8gb"}, {"name": "PNY Performance DDR4-3200 16GB (2x8GB)", "mark": "47", "link": "https://versus.com/en/pny-performance-ddr4-3200-16gb-2x8gb"}, {"name": "G.Skill Trident Z5 RGB DDR5-5200 CL40 32GB (2x16GB)", "mark": "46", "link": "https://versus.com/en/g-skill-trident-z5-rgb-ddr5-5200-cl40-32gb-2x16gb"}, {"name": "Corsair Vengeance DDR5-4800 16GB (2x8GB)", "mark": "46", "link": "https://versus.com/en/corsair-vengeance-ddr5-4800-16gb-2x8gb"}, {"name": "Corsair Vengeance DDR5-5200 C40 16GB (1x16GB)", "mark": "46", "link": "https://versus.com/en/corsair-vengeance-ddr5-5200-c40-16gb-1x16gb"}, {"name": "Corsair Vengeance DDR5-4800 8GB (1x8GB)", "mark": "46", "link": "https://versus.com/en/corsair-vengeance-ddr5-4800-8gb-1x8gb"}, {"name": "Crucial CT16G52C42U5 DDR5-5200 CL42 16GB (1x16GB)", "mark": "45", "link": "https://versus.com/en/crucial-ct16g52c42u5-ddr5-5200-cl42-16gb-1x16gb"}, {"name": "Mushkin Redline Notebook DDR5-4800 CL46 64GB (2x32GB)", "mark": "45", "link": "https://versus.com/en/mushkin-redline-notebook-ddr5-4800-cl46-64gb-2x32gb"}, {"name": "Team Group Vulcan DDR5-5200 CL38 16GB (2x8GB)", "mark": "44", "link": "https://versus.com/en/team-group-vulcan-ddr5-5200-cl38-16gb-2x8gb"}, {"name": "Corsair Dominator Platinum RGB DDR5-4800 C40 32GB (2x16GB)", "mark": "44", "link": "https://versus.com/en/corsair-dominator-platinum-rgb-ddr5-4800-c40-32gb-2x16gb"}, {"name": "Team Group T-Force Delta Alpha RGB DDR5-5200 CL38 16GB (2x8GB)", "mark": "43", "link": "https://versus.com/en/team-group-t-force-delta-alpha-rgb-ddr5-5200-cl38-16gb-2x8gb"}, {"name": "Team Group T-Force Vulcan Alpha DDR5-5200 CL38 16GB (2x8GB)", "mark": "43", "link": "https://versus.com/en/team-group-t-force-vulcan-alpha-ddr5-5200-cl38-16gb-2x8gb"}, {"name": "Patriot Signature Premium DDR5-5200 C42 8GB (1x8GB)", "mark": "39", "link": "https://versus.com/en/patriot-signature-premium-ddr5-5200-c42-8gb-1x8gb"}, {"name": "Patriot Signature Line DDR5-5200 C42 8GB (1x8GB)", "mark": "39", "link": "https://versus.com/en/patriot-signature-line-ddr5-5200-c42-8gb-1x8gb"}, {"name": "Lexar Ares DDR5-4800 CL40 16GB (2x8GB)", "mark": "39", "link": "https://versus.com/en/lexar-ares-ddr5-4800-cl40-16gb-2x8gb"}, {"name": "Patriot Signature Premium DDR5-5600 C46 16GB (1x16GB)", "mark": "38", "link": "https://versus.com/en/patriot-signature-premium-ddr5-5600-c46-16gb-1x16gb"}, {"name": "Team Group Elite DDR5-5200 16GB (2x8GB)", "mark": "38", "link": "https://versus.com/en/team-group-elite-ddr5-5200-16gb-2x8gb"}, {"name": "Team Group Elite DDR5-5600 16GB (1x16GB)", "mark": "37", "link": "https://versus.com/en/team-group-elite-ddr5-5600-16gb-1x16gb"}, {"name": "Team Group Elite DDR5-4800 16GB (2x8GB)", "mark": "36", "link": "https://versus.com/en/team-group-elite-ddr5-4800-16gb-2x8gb"}, {"name": "Patriot Signature Premium DDR5-4800 C40 8GB (1x8GB)", "mark": "36", "link": "https://versus.com/en/patriot-signature-premium-ddr5-4800-c40-8gb-1x8gb"}, {"name": "Patriot Signature Line DDR5-5600 C46 8GB (1x8GB)", "mark": "35", "link": "https://versus.com/en/patriot-signature-line-ddr5-5600-c46-8gb-1x8gb"}]